dataset,year,pdo_phase,pdo_jja_smooth,included
obs,1948,-1,-0.6099422478140738,True
obs,1949,-1,-0.6063894965173856,True
obs,1950,-1,-0.5966583265618597,True
obs,1951,-1,-0.773008380873291,True
obs,1952,-1,-0.9666360071335797,True
obs,1953,-1,-0.8588372250416985,True
obs,1954,-1,-0.5997507313633142,True
obs,1955,-1,-0.3491094328969348,True
obs,1956,-1,-0.2336747616548053,True
obs,1957,-1,-0.13405792617479437,True
obs,1958,-1,-0.17228132581756975,True
obs,1959,-1,-0.1597282130533134,True
obs,1960,-1,-0.051325109846279214,True
obs,1961,1,0.09705514897965158,True
obs,1962,1,0.01815147497835279,True
obs,1963,-1,-0.14329466325662912,True
obs,1964,-1,-0.19604293031450873,True
obs,1965,-1,-0.24035437383086208,True
obs,1966,-1,-0.2280830587180521,True
obs,1967,-1,-0.2589971061986766,True
obs,1968,-1,-0.35094912401694406,True
obs,1969,-1,-0.3575628923977103,True
obs,1970,-1,-0.3654361851569794,True
obs,1971,-1,-0.45455205650520747,True
obs,1972,-1,-0.4175043158998633,True
obs,1973,-1,-0.3900569309229402,True
obs,1974,-1,-0.340209789064491,True
obs,1975,-1,-0.2796259712215676,True
obs,1976,-1,-0.10015587498576661,True
obs,1977,1,0.10719817348078324,True
obs,1978,1,0.1991313736644255,True
obs,1979,1,0.35619107388059373,True
obs,1980,1,0.5700748485398541,True
obs,1981,1,0.6098869556865797,True
obs,1982,1,0.7030480160485865,True
obs,1983,1,0.8082030376326168,True
obs,1984,1,0.7889554032012063,True
obs,1985,1,0.7180704161327721,True
obs,1986,1,0.5762787968788642,True
obs,1987,1,0.5192571693968434,True
obs,1988,1,0.4909500162712666,True
obs,1989,1,0.5345754637547893,True
obs,1990,1,0.5088436123812405,True
obs,1991,1,0.4506098994006648,True
obs,1992,1,0.4199865736461361,True
obs,1993,1,0.5704189399283123,True
obs,1994,1,0.5998076786839773,True
obs,1995,1,0.48696366748531256,True
obs,1996,1,0.46758932030330813,True
obs,1997,1,0.2804568882428458,True
obs,1998,1,0.12585078565685523,True
obs,1999,1,0.19824869411600202,True
obs,2000,1,0.13603372862511073,True
obs,2001,1,0.045282386282554654,True
obs,2002,-1,-0.13203904424317547,True
obs,2003,-1,-0.1839082725755167,True
obs,2004,-1,-0.16063721721677918,True
obs,2005,-1,-0.14953348177619338,True
obs,2006,-1,-0.14033795289685866,True
obs,2007,-1,-0.2758319628495099,True
obs,2008,-1,-0.47518542254800056,True
obs,2009,-1,-0.5560300581795595,True
obs,2010,-1,-0.4729446292963707,True
obs,2011,0,,False
obs,2012,0,,False
obs,2013,0,,False
obs,2014,0,,False
historical_r1,1900,0,,False
historical_r1,1901,0,,False
historical_r1,1902,0,,False
historical_r1,1903,0,,False
historical_r1,1904,1,0.7165609275256918,True
historical_r1,1905,1,0.6082814275087833,True
historical_r1,1906,1,0.5830647300486206,True
historical_r1,1907,1,0.5899386086890689,True
historical_r1,1908,1,0.509762156322812,True
historical_r1,1909,1,0.4157635981917325,True
historical_r1,1910,1,0.3502326768021668,True
historical_r1,1911,1,0.2237942171416162,True
historical_r1,1912,1,0.10039412787726738,True
historical_r1,1913,1,0.0770475153847822,True
historical_r1,1914,1,0.08712216895565178,True
historical_r1,1915,-1,-0.05108416342915054,True
historical_r1,1916,-1,-0.31370550906311195,True
historical_r1,1917,-1,-0.4709704094457792,True
historical_r1,1918,-1,-0.6361079794404549,True
historical_r1,1919,-1,-0.8120068169143626,True
historical_r1,1920,-1,-0.9401856352058496,True
historical_r1,1921,-1,-0.9077449155855658,True
historical_r1,1922,-1,-0.9808571150256739,True
historical_r1,1923,-1,-0.9737910230229664,True
historical_r1,1924,-1,-0.9430339426167961,True
historical_r1,1925,-1,-0.7859325456231092,True
historical_r1,1926,-1,-0.8355201257591057,True
historical_r1,1927,-1,-0.8560029586352161,True
historical_r1,1928,-1,-0.7904913839011681,True
historical_r1,1929,-1,-0.7599057101358504,True
historical_r1,1930,-1,-0.8807725612316561,True
historical_r1,1931,-1,-0.7483933726403474,True
historical_r1,1932,-1,-0.6999035437638089,True
historical_r1,1933,-1,-0.6478578259833766,True
historical_r1,1934,-1,-0.712316161956653,True
historical_r1,1935,-1,-0.5350240459872081,True
historical_r1,1936,-1,-0.30975662056314773,True
historical_r1,1937,-1,-0.18038630169216452,True
historical_r1,1938,-1,-0.1772814146047104,True
historical_r1,1939,-1,-0.02302912501231555,True
historical_r1,1940,1,0.13174274673704503,True
historical_r1,1941,1,0.27232916113844874,True
historical_r1,1942,1,0.38631840684288576,True
historical_r1,1943,1,0.5328696919541128,True
historical_r1,1944,1,0.4115628693315272,True
historical_r1,1945,1,0.323764254908139,True
historical_r1,1946,1,0.1496037437985324,True
historical_r1,1947,1,0.2327315825248906,True
historical_r1,1948,1,0.16168003242581022,True
historical_r1,1949,1,0.1285541552546556,True
historical_r1,1950,1,0.08712924314276639,True
historical_r1,1951,1,0.04961052730891904,True
historical_r1,1952,-1,-0.19288822811443504,True
historical_r1,1953,-1,-0.12704002281141535,True
historical_r1,1954,1,0.007241189802939914,True
historical_r1,1955,1,0.25288345316321587,True
historical_r1,1956,1,0.2054381452764746,True
historical_r1,1957,1,0.30095501969254884,True
historical_r1,1958,1,0.2609568677979522,True
historical_r1,1959,1,0.1459095093414584,True
historical_r1,1960,1,0.046446408806347504,True
historical_r1,1961,1,0.08158339518554603,True
historical_r1,1962,1,0.12918415522561721,True
historical_r1,1963,1,0.07690508785661422,True
historical_r1,1964,1,0.09259829111072009,True
historical_r1,1965,1,0.14327843328756318,True
historical_r1,1966,1,0.19548289663393958,True
historical_r1,1967,1,0.1606156038400979,True
historical_r1,1968,1,0.11307981226005125,True
historical_r1,1969,1,0.10568823682557964,True
historical_r1,1970,1,0.23711711685516113,True
historical_r1,1971,1,0.0977512389318712,True
historical_r1,1972,-1,-0.08131329224033206,True
historical_r1,1973,-1,-0.21678984591161302,True
historical_r1,1974,-1,-0.18662192604945585,True
historical_r1,1975,-1,-0.2088063021786805,True
historical_r1,1976,-1,-0.24163615729159427,True
historical_r1,1977,-1,-0.07306463228886097,True
historical_r1,1978,1,0.13370754013670902,True
historical_r1,1979,1,0.31610511603303315,True
historical_r1,1980,1,0.5763336832299989,True
historical_r1,1981,1,0.8028233518966975,True
historical_r1,1982,1,0.7491300590594538,True
historical_r1,1983,1,0.6359580927343543,True
historical_r1,1984,1,0.549533461599427,True
historical_r1,1985,1,0.5867630258455724,True
historical_r1,1986,1,0.47604247716764175,True
historical_r1,1987,1,0.29539408485625646,True
historical_r1,1988,1,0.046513053421828786,True
historical_r1,1989,1,0.021367659667900118,True
historical_r1,1990,1,0.1481990590881125,True
historical_r1,1991,1,0.3658283975249275,True
historical_r1,1992,1,0.5737230159766361,True
historical_r1,1993,1,0.5446440650781795,True
historical_r1,1994,1,0.4288620936040999,True
historical_r1,1995,1,0.29816996436089666,True
historical_r1,1996,1,0.1623264353536244,True
historical_r1,1997,1,0.19340317106871163,True
historical_r1,1998,1,0.06139658643543525,True
historical_r1,1999,-1,-0.09680487008662991,True
historical_r1,2000,-1,-0.17997393687683197,True
historical_r1,2001,-1,-0.22713499424551675,True
historical_r1,2002,-1,-0.23142587931003286,True
historical_r1,2003,-1,-0.16475502656994076,True
historical_r1,2004,-1,-0.09506712606271735,True
historical_r1,2005,-1,-0.05984628695554681,True
historical_r1,2006,-1,-0.18361766629352508,True
historical_r1,2007,-1,-0.153170870660324,True
historical_r1,2008,-1,-0.24339221521514173,True
historical_r1,2009,-1,-0.40957668869868313,True
historical_r1,2010,-1,-0.45271134286755055,True
historical_r1,2011,0,,False
historical_r1,2012,0,,False
historical_r1,2013,0,,False
historical_r1,2014,0,,False
historical_common_r1,1948,1,0.16168003242581022,True
historical_common_r1,1949,1,0.1285541552546556,True
historical_common_r1,1950,1,0.08712924314276639,True
historical_common_r1,1951,1,0.04961052730891904,True
historical_common_r1,1952,-1,-0.19288822811443504,True
historical_common_r1,1953,-1,-0.12704002281141535,True
historical_common_r1,1954,1,0.007241189802939914,True
historical_common_r1,1955,1,0.25288345316321587,True
historical_common_r1,1956,1,0.2054381452764746,True
historical_common_r1,1957,1,0.30095501969254884,True
historical_common_r1,1958,1,0.2609568677979522,True
historical_common_r1,1959,1,0.1459095093414584,True
historical_common_r1,1960,1,0.046446408806347504,True
historical_common_r1,1961,1,0.08158339518554603,True
historical_common_r1,1962,1,0.12918415522561721,True
historical_common_r1,1963,1,0.07690508785661422,True
historical_common_r1,1964,1,0.09259829111072009,True
historical_common_r1,1965,1,0.14327843328756318,True
historical_common_r1,1966,1,0.19548289663393958,True
historical_common_r1,1967,1,0.1606156038400979,True
historical_common_r1,1968,1,0.11307981226005125,True
historical_common_r1,1969,1,0.10568823682557964,True
historical_common_r1,1970,1,0.23711711685516113,True
historical_common_r1,1971,1,0.0977512389318712,True
historical_common_r1,1972,-1,-0.08131329224033206,True
historical_common_r1,1973,-1,-0.21678984591161302,True
historical_common_r1,1974,-1,-0.18662192604945585,True
historical_common_r1,1975,-1,-0.2088063021786805,True
historical_common_r1,1976,-1,-0.24163615729159427,True
historical_common_r1,1977,-1,-0.07306463228886097,True
historical_common_r1,1978,1,0.13370754013670902,True
historical_common_r1,1979,1,0.31610511603303315,True
historical_common_r1,1980,1,0.5763336832299989,True
historical_common_r1,1981,1,0.8028233518966975,True
historical_common_r1,1982,1,0.7491300590594538,True
historical_common_r1,1983,1,0.6359580927343543,True
historical_common_r1,1984,1,0.549533461599427,True
historical_common_r1,1985,1,0.5867630258455724,True
historical_common_r1,1986,1,0.47604247716764175,True
historical_common_r1,1987,1,0.29539408485625646,True
historical_common_r1,1988,1,0.046513053421828786,True
historical_common_r1,1989,1,0.021367659667900118,True
historical_common_r1,1990,1,0.1481990590881125,True
historical_common_r1,1991,1,0.3658283975249275,True
historical_common_r1,1992,1,0.5737230159766361,True
historical_common_r1,1993,1,0.5446440650781795,True
historical_common_r1,1994,1,0.4288620936040999,True
historical_common_r1,1995,1,0.29816996436089666,True
historical_common_r1,1996,1,0.1623264353536244,True
historical_common_r1,1997,1,0.19340317106871163,True
historical_common_r1,1998,1,0.06139658643543525,True
historical_common_r1,1999,-1,-0.09680487008662991,True
historical_common_r1,2000,-1,-0.17997393687683197,True
historical_common_r1,2001,-1,-0.22713499424551675,True
historical_common_r1,2002,-1,-0.23142587931003286,True
historical_common_r1,2003,-1,-0.16475502656994076,True
historical_common_r1,2004,-1,-0.09506712606271735,True
historical_common_r1,2005,-1,-0.05984628695554681,True
historical_common_r1,2006,-1,-0.18361766629352508,True
historical_common_r1,2007,-1,-0.153170870660324,True
historical_common_r1,2008,-1,-0.24339221521514173,True
historical_common_r1,2009,-1,-0.40957668869868313,True
historical_common_r1,2010,-1,-0.45271134286755055,True
historical_common_r1,2011,0,,False
historical_common_r1,2012,0,,False
historical_common_r1,2013,0,,False
historical_common_r1,2014,0,,False
historical_r2,1900,0,,False
historical_r2,1901,0,,False
historical_r2,1902,0,,False
historical_r2,1903,0,,False
historical_r2,1904,1,0.004841918942820286,True
historical_r2,1905,1,0.09577593433376096,True
historical_r2,1906,1,0.07329811189548964,True
historical_r2,1907,1,0.12611233756945817,True
historical_r2,1908,1,0.22915910046797597,True
historical_r2,1909,1,0.20656083871674913,True
historical_r2,1910,1,0.25657591653889633,True
historical_r2,1911,1,0.33802540701862566,True
historical_r2,1912,1,0.24627745507328194,True
historical_r2,1913,1,0.21781898676544462,True
historical_r2,1914,1,0.1780249132997892,True
historical_r2,1915,1,0.12318294100132661,True
historical_r2,1916,1,0.14620254035681657,True
historical_r2,1917,-1,-0.0353116414239398,True
historical_r2,1918,-1,-0.19624318893077605,True
historical_r2,1919,-1,-0.4435897747492365,True
historical_r2,1920,-1,-0.4747619817407058,True
historical_r2,1921,-1,-0.42173933422473836,True
historical_r2,1922,-1,-0.3955146403230616,True
historical_r2,1923,-1,-0.43783680906353034,True
historical_r2,1924,-1,-0.4590585020374583,True
historical_r2,1925,-1,-0.5226084207632241,True
historical_r2,1926,-1,-0.5609995822303174,True
historical_r2,1927,-1,-0.41176323714773844,True
historical_r2,1928,-1,-0.26515726866705747,True
historical_r2,1929,-1,-0.24218325265440552,True
historical_r2,1930,-1,-0.27638873144933007,True
historical_r2,1931,-1,-0.21532147656763653,True
historical_r2,1932,-1,-0.07789833263720912,True
historical_r2,1933,1,0.003601266289267862,True
historical_r2,1934,1,0.034359904505968965,True
historical_r2,1935,1,0.036508662663714456,True
historical_r2,1936,-1,-0.11477843794352709,True
historical_r2,1937,-1,-0.31001666173716314,True
historical_r2,1938,-1,-0.4575574760226835,True
historical_r2,1939,-1,-0.616703340631091,True
historical_r2,1940,-1,-0.8617620140620783,True
historical_r2,1941,-1,-0.9776810080416379,True
historical_r2,1942,-1,-1.0361013385311386,True
historical_r2,1943,-1,-1.0201983058703268,True
historical_r2,1944,-1,-0.8882477505702432,True
historical_r2,1945,-1,-0.8328282079505979,True
historical_r2,1946,-1,-0.6737689687922672,True
historical_r2,1947,-1,-0.5678662974793062,True
historical_r2,1948,-1,-0.39348978077491076,True
historical_r2,1949,-1,-0.14625046414485274,True
historical_r2,1950,-1,-0.05295712970353292,True
historical_r2,1951,1,0.1543858865958341,True
historical_r2,1952,1,0.14362067970551987,True
historical_r2,1953,1,0.07550378673164192,True
historical_r2,1954,1,0.14366798562157776,True
historical_r2,1955,1,0.05246578454419836,True
historical_r2,1956,1,0.05491878475606058,True
historical_r2,1957,1,0.005754616637304796,True
historical_r2,1958,-1,-0.11143126551109939,True
historical_r2,1959,-1,-0.11376142636291131,True
historical_r2,1960,-1,-0.1953661766405664,True
historical_r2,1961,-1,-0.12545161499181914,True
historical_r2,1962,-1,-0.0040231683019571265,True
historical_r2,1963,1,0.09194700175101807,True
historical_r2,1964,1,0.2574873954320128,True
historical_r2,1965,1,0.3166726495911224,True
historical_r2,1966,1,0.43684853536768903,True
historical_r2,1967,1,0.6443301961205851,True
historical_r2,1968,1,0.7986522524578438,True
historical_r2,1969,1,0.9325602890710778,True
historical_r2,1970,1,0.933933432829718,True
historical_r2,1971,1,0.888138959814594,True
historical_r2,1972,1,0.9689767724669807,True
historical_r2,1973,1,1.0548268194935313,True
historical_r2,1974,1,1.1445478965415812,True
historical_r2,1975,1,1.1077442266632056,True
historical_r2,1976,1,1.0382379683479577,True
historical_r2,1977,1,1.0037605810085741,True
historical_r2,1978,1,0.8645651983877572,True
historical_r2,1979,1,0.9450755423305495,True
historical_r2,1980,1,1.0903785310894831,True
historical_r2,1981,1,1.1119812374618927,True
historical_r2,1982,1,1.2181410882115726,True
historical_r2,1983,1,1.2760034777581744,True
historical_r2,1984,1,1.3159583063616405,True
historical_r2,1985,1,1.152765301330291,True
historical_r2,1986,1,1.0531103344036439,True
historical_r2,1987,1,0.9771679578630827,True
historical_r2,1988,1,0.96994397561919,True
historical_r2,1989,1,0.89449158665683,True
historical_r2,1990,1,0.8174834832435147,True
historical_r2,1991,1,0.584348707605979,True
historical_r2,1992,1,0.46042486551832645,True
historical_r2,1993,1,0.3136457917087669,True
historical_r2,1994,1,0.3071394247019882,True
historical_r2,1995,1,0.22373142930571036,True
historical_r2,1996,1,0.13755564301136095,True
historical_r2,1997,-1,-0.04942698644297338,True
historical_r2,1998,-1,-0.26454208532008777,True
historical_r2,1999,-1,-0.6668260176725241,True
historical_r2,2000,-1,-0.7969552019466098,True
historical_r2,2001,-1,-0.9507190057522722,True
historical_r2,2002,-1,-0.9951960741388897,True
historical_r2,2003,-1,-1.0698266269881225,True
historical_r2,2004,-1,-1.1031367310773421,True
historical_r2,2005,-1,-1.0895608739644074,True
historical_r2,2006,-1,-1.125144150280297,True
historical_r2,2007,-1,-1.1272081708151769,True
historical_r2,2008,-1,-0.8938472107020026,True
historical_r2,2009,-1,-0.8696154263231698,True
historical_r2,2010,-1,-0.8217374155946524,True
historical_r2,2011,0,,False
historical_r2,2012,0,,False
historical_r2,2013,0,,False
historical_r2,2014,0,,False
historical_common_r2,1948,-1,-0.39348978077491076,True
historical_common_r2,1949,-1,-0.14625046414485274,True
historical_common_r2,1950,-1,-0.05295712970353292,True
historical_common_r2,1951,1,0.1543858865958341,True
historical_common_r2,1952,1,0.14362067970551987,True
historical_common_r2,1953,1,0.07550378673164192,True
historical_common_r2,1954,1,0.14366798562157776,True
historical_common_r2,1955,1,0.05246578454419836,True
historical_common_r2,1956,1,0.05491878475606058,True
historical_common_r2,1957,1,0.005754616637304796,True
historical_common_r2,1958,-1,-0.11143126551109939,True
historical_common_r2,1959,-1,-0.11376142636291131,True
historical_common_r2,1960,-1,-0.1953661766405664,True
historical_common_r2,1961,-1,-0.12545161499181914,True
historical_common_r2,1962,-1,-0.0040231683019571265,True
historical_common_r2,1963,1,0.09194700175101807,True
historical_common_r2,1964,1,0.2574873954320128,True
historical_common_r2,1965,1,0.3166726495911224,True
historical_common_r2,1966,1,0.43684853536768903,True
historical_common_r2,1967,1,0.6443301961205851,True
historical_common_r2,1968,1,0.7986522524578438,True
historical_common_r2,1969,1,0.9325602890710778,True
historical_common_r2,1970,1,0.933933432829718,True
historical_common_r2,1971,1,0.888138959814594,True
historical_common_r2,1972,1,0.9689767724669807,True
historical_common_r2,1973,1,1.0548268194935313,True
historical_common_r2,1974,1,1.1445478965415812,True
historical_common_r2,1975,1,1.1077442266632056,True
historical_common_r2,1976,1,1.0382379683479577,True
historical_common_r2,1977,1,1.0037605810085741,True
historical_common_r2,1978,1,0.8645651983877572,True
historical_common_r2,1979,1,0.9450755423305495,True
historical_common_r2,1980,1,1.0903785310894831,True
historical_common_r2,1981,1,1.1119812374618927,True
historical_common_r2,1982,1,1.2181410882115726,True
historical_common_r2,1983,1,1.2760034777581744,True
historical_common_r2,1984,1,1.3159583063616405,True
historical_common_r2,1985,1,1.152765301330291,True
historical_common_r2,1986,1,1.0531103344036439,True
historical_common_r2,1987,1,0.9771679578630827,True
historical_common_r2,1988,1,0.96994397561919,True
historical_common_r2,1989,1,0.89449158665683,True
historical_common_r2,1990,1,0.8174834832435147,True
historical_common_r2,1991,1,0.584348707605979,True
historical_common_r2,1992,1,0.46042486551832645,True
historical_common_r2,1993,1,0.3136457917087669,True
historical_common_r2,1994,1,0.3071394247019882,True
historical_common_r2,1995,1,0.22373142930571036,True
historical_common_r2,1996,1,0.13755564301136095,True
historical_common_r2,1997,-1,-0.04942698644297338,True
historical_common_r2,1998,-1,-0.26454208532008777,True
historical_common_r2,1999,-1,-0.6668260176725241,True
historical_common_r2,2000,-1,-0.7969552019466098,True
historical_common_r2,2001,-1,-0.9507190057522722,True
historical_common_r2,2002,-1,-0.9951960741388897,True
historical_common_r2,2003,-1,-1.0698266269881225,True
historical_common_r2,2004,-1,-1.1031367310773421,True
historical_common_r2,2005,-1,-1.0895608739644074,True
historical_common_r2,2006,-1,-1.125144150280297,True
historical_common_r2,2007,-1,-1.1272081708151769,True
historical_common_r2,2008,-1,-0.8938472107020026,True
historical_common_r2,2009,-1,-0.8696154263231698,True
historical_common_r2,2010,-1,-0.8217374155946524,True
historical_common_r2,2011,0,,False
historical_common_r2,2012,0,,False
historical_common_r2,2013,0,,False
historical_common_r2,2014,0,,False
historical_r5,1900,0,,False
historical_r5,1901,0,,False
historical_r5,1902,0,,False
historical_r5,1903,0,,False
historical_r5,1904,1,0.5098670702784986,True
historical_r5,1905,1,0.607741487838357,True
historical_r5,1906,1,0.5864457834988701,True
historical_r5,1907,1,0.5240711779613308,True
historical_r5,1908,1,0.4836437886719473,True
historical_r5,1909,1,0.33113074270863213,True
historical_r5,1910,1,0.2712249084525929,True
historical_r5,1911,1,0.28152381637197427,True
historical_r5,1912,1,0.2483293047888063,True
historical_r5,1913,1,0.21935590929548487,True
historical_r5,1914,-1,-0.056799422430616885,True
historical_r5,1915,-1,-0.15282314139308298,True
historical_r5,1916,-1,-0.3152409392432862,True
historical_r5,1917,-1,-0.46080708972872014,True
historical_r5,1918,-1,-0.5075146174079213,True
historical_r5,1919,-1,-0.6233361741080673,True
historical_r5,1920,-1,-0.6740112606476321,True
historical_r5,1921,-1,-0.7329409320437158,True
historical_r5,1922,-1,-0.8465724848004997,True
historical_r5,1923,-1,-0.7425112074112685,True
historical_r5,1924,-1,-0.7543955755479078,True
historical_r5,1925,-1,-0.767563157395287,True
historical_r5,1926,-1,-0.6173608264762032,True
historical_r5,1927,-1,-0.5563679069666135,True
historical_r5,1928,-1,-0.5261800149070512,True
historical_r5,1929,-1,-0.6326721246394601,True
historical_r5,1930,-1,-0.6375203102999657,True
historical_r5,1931,-1,-0.6168650580832988,True
historical_r5,1932,-1,-0.6256521226325777,True
historical_r5,1933,-1,-0.5877931203404849,True
historical_r5,1934,-1,-0.5399157127452779,True
historical_r5,1935,-1,-0.568391469099077,True
historical_r5,1936,-1,-0.4851661836930459,True
historical_r5,1937,-1,-0.3373555099028404,True
historical_r5,1938,-1,-0.16089324768342994,True
historical_r5,1939,-1,-0.012403852676344826,True
historical_r5,1940,1,0.1854798266619578,True
historical_r5,1941,1,0.341016591579778,True
historical_r5,1942,1,0.4660130868047834,True
historical_r5,1943,1,0.6528111596040392,True
historical_r5,1944,1,0.7111166571171511,True
historical_r5,1945,1,0.8403055852705094,True
historical_r5,1946,1,0.9478745557933898,True
historical_r5,1947,1,1.0161973863505158,True
historical_r5,1948,1,1.026722361688246,True
historical_r5,1949,1,1.0629173888709393,True
historical_r5,1950,1,0.9710355671746439,True
historical_r5,1951,1,0.8554576800907915,True
historical_r5,1952,1,0.8139863174113627,True
historical_r5,1953,1,0.7987347462743424,True
historical_r5,1954,1,0.5377474027574852,True
historical_r5,1955,1,0.29169514376681605,True
historical_r5,1956,1,0.19974808788867815,True
historical_r5,1957,1,0.08513235355543673,True
historical_r5,1958,-1,-0.1433989093003748,True
historical_r5,1959,-1,-0.16070032939031106,True
historical_r5,1960,-1,-0.34328031685924243,True
historical_r5,1961,-1,-0.6103979388948012,True
historical_r5,1962,-1,-0.6598553320339752,True
historical_r5,1963,-1,-0.5557094377701652,True
historical_r5,1964,-1,-0.46288405147067885,True
historical_r5,1965,-1,-0.47134733395461087,True
historical_r5,1966,-1,-0.33937567944155383,True
historical_r5,1967,-1,-0.22711603030948524,True
historical_r5,1968,-1,-0.1392583770322279,True
historical_r5,1969,1,0.16184557462837204,True
historical_r5,1970,1,0.3315985313560106,True
historical_r5,1971,1,0.23907722322808103,True
historical_r5,1972,1,0.14993945057226554,True
historical_r5,1973,1,0.08991783807502024,True
historical_r5,1974,1,0.026209708290525335,True
historical_r5,1975,-1,-0.14582865505771414,True
historical_r5,1976,-1,-0.23428138352511596,True
historical_r5,1977,-1,-0.3393780141541772,True
historical_r5,1978,-1,-0.48604454725456936,True
historical_r5,1979,-1,-0.5489507023770229,True
historical_r5,1980,-1,-0.5734458039831712,True
historical_r5,1981,-1,-0.6686972318859284,True
historical_r5,1982,-1,-0.7349827939217587,True
historical_r5,1983,-1,-0.7267677214422205,True
historical_r5,1984,-1,-0.7273086064908636,True
historical_r5,1985,-1,-0.7681052508767223,True
historical_r5,1986,-1,-0.7472067065847413,True
historical_r5,1987,-1,-0.6462663418891904,True
historical_r5,1988,-1,-0.48626899998315526,True
historical_r5,1989,-1,-0.3787613578677458,True
historical_r5,1990,-1,-0.23496760163083932,True
historical_r5,1991,-1,-0.05371690134915583,True
historical_r5,1992,1,0.1545733479027294,True
historical_r5,1993,1,0.3632519540545786,True
historical_r5,1994,1,0.5641564946653699,True
historical_r5,1995,1,0.7088878679998255,True
historical_r5,1996,1,0.7416552378065636,True
historical_r5,1997,1,0.8336847200454506,True
historical_r5,1998,1,0.9870328928562859,True
historical_r5,1999,1,1.1637979542172572,True
historical_r5,2000,1,1.1840825387922165,True
historical_r5,2001,1,1.076266243189625,True
historical_r5,2002,1,1.0383696371098783,True
historical_r5,2003,1,1.0350651011223764,True
historical_r5,2004,1,0.8426917297729067,True
historical_r5,2005,1,0.7827022236734139,True
historical_r5,2006,1,0.5125806142060979,True
historical_r5,2007,1,0.16745941971332315,True
historical_r5,2008,-1,-0.2725820211807417,True
historical_r5,2009,-1,-0.5094475896409151,True
historical_r5,2010,-1,-0.49341063560042336,True
historical_r5,2011,0,,False
historical_r5,2012,0,,False
historical_r5,2013,0,,False
historical_r5,2014,0,,False
historical_common_r5,1948,1,1.026722361688246,True
historical_common_r5,1949,1,1.0629173888709393,True
historical_common_r5,1950,1,0.9710355671746439,True
historical_common_r5,1951,1,0.8554576800907915,True
historical_common_r5,1952,1,0.8139863174113627,True
historical_common_r5,1953,1,0.7987347462743424,True
historical_common_r5,1954,1,0.5377474027574852,True
historical_common_r5,1955,1,0.29169514376681605,True
historical_common_r5,1956,1,0.19974808788867815,True
historical_common_r5,1957,1,0.08513235355543673,True
historical_common_r5,1958,-1,-0.1433989093003748,True
historical_common_r5,1959,-1,-0.16070032939031106,True
historical_common_r5,1960,-1,-0.34328031685924243,True
historical_common_r5,1961,-1,-0.6103979388948012,True
historical_common_r5,1962,-1,-0.6598553320339752,True
historical_common_r5,1963,-1,-0.5557094377701652,True
historical_common_r5,1964,-1,-0.46288405147067885,True
historical_common_r5,1965,-1,-0.47134733395461087,True
historical_common_r5,1966,-1,-0.33937567944155383,True
historical_common_r5,1967,-1,-0.22711603030948524,True
historical_common_r5,1968,-1,-0.1392583770322279,True
historical_common_r5,1969,1,0.16184557462837204,True
historical_common_r5,1970,1,0.3315985313560106,True
historical_common_r5,1971,1,0.23907722322808103,True
historical_common_r5,1972,1,0.14993945057226554,True
historical_common_r5,1973,1,0.08991783807502024,True
historical_common_r5,1974,1,0.026209708290525335,True
historical_common_r5,1975,-1,-0.14582865505771414,True
historical_common_r5,1976,-1,-0.23428138352511596,True
historical_common_r5,1977,-1,-0.3393780141541772,True
historical_common_r5,1978,-1,-0.48604454725456936,True
historical_common_r5,1979,-1,-0.5489507023770229,True
historical_common_r5,1980,-1,-0.5734458039831712,True
historical_common_r5,1981,-1,-0.6686972318859284,True
historical_common_r5,1982,-1,-0.7349827939217587,True
historical_common_r5,1983,-1,-0.7267677214422205,True
historical_common_r5,1984,-1,-0.7273086064908636,True
historical_common_r5,1985,-1,-0.7681052508767223,True
historical_common_r5,1986,-1,-0.7472067065847413,True
historical_common_r5,1987,-1,-0.6462663418891904,True
historical_common_r5,1988,-1,-0.48626899998315526,True
historical_common_r5,1989,-1,-0.3787613578677458,True
historical_common_r5,1990,-1,-0.23496760163083932,True
historical_common_r5,1991,-1,-0.05371690134915583,True
historical_common_r5,1992,1,0.1545733479027294,True
historical_common_r5,1993,1,0.3632519540545786,True
historical_common_r5,1994,1,0.5641564946653699,True
historical_common_r5,1995,1,0.7088878679998255,True
historical_common_r5,1996,1,0.7416552378065636,True
historical_common_r5,1997,1,0.8336847200454506,True
historical_common_r5,1998,1,0.9870328928562859,True
historical_common_r5,1999,1,1.1637979542172572,True
historical_common_r5,2000,1,1.1840825387922165,True
historical_common_r5,2001,1,1.076266243189625,True
historical_common_r5,2002,1,1.0383696371098783,True
historical_common_r5,2003,1,1.0350651011223764,True
historical_common_r5,2004,1,0.8426917297729067,True
historical_common_r5,2005,1,0.7827022236734139,True
historical_common_r5,2006,1,0.5125806142060979,True
historical_common_r5,2007,1,0.16745941971332315,True
historical_common_r5,2008,-1,-0.2725820211807417,True
historical_common_r5,2009,-1,-0.5094475896409151,True
historical_common_r5,2010,-1,-0.49341063560042336,True
historical_common_r5,2011,0,,False
historical_common_r5,2012,0,,False
historical_common_r5,2013,0,,False
historical_common_r5,2014,0,,False
ssp245_r1,2015,0,,False
ssp245_r1,2016,0,,False
ssp245_r1,2017,0,,False
ssp245_r1,2018,0,,False
ssp245_r1,2019,1,0.28377219376911633,True
ssp245_r1,2020,1,0.3344891399191054,True
ssp245_r1,2021,1,0.25072694708870896,True
ssp245_r1,2022,1,0.18128795637450087,True
ssp245_r1,2023,1,0.100315588304002,True
ssp245_r1,2024,1,0.16205981900918634,True
ssp245_r1,2025,1,0.0559036077071046,True
ssp245_r1,2026,1,0.00765091000751181,True
ssp245_r1,2027,1,0.1292858662503264,True
ssp245_r1,2028,1,0.07487080278199103,True
ssp245_r1,2029,1,0.013201431260745092,True
ssp245_r1,2030,1,0.17007708255324447,True
ssp245_r1,2031,-1,-0.005722466073955602,True
ssp245_r1,2032,-1,-0.1044749865948567,True
ssp245_r1,2033,-1,-0.2653442414504203,True
ssp245_r1,2034,-1,-0.18206877046099237,True
ssp245_r1,2035,-1,-0.07400670168993645,True
ssp245_r1,2036,-1,-0.1170853397688375,True
ssp245_r1,2037,-1,-0.004810697861401847,True
ssp245_r1,2038,1,0.05851460262411964,True
ssp245_r1,2039,-1,-0.18111966229854962,True
ssp245_r1,2040,-1,-0.07520771660673864,True
ssp245_r1,2041,1,0.2672169811635001,True
ssp245_r1,2042,1,0.48416162960634185,True
ssp245_r1,2043,1,0.5139135389863942,True
ssp245_r1,2044,1,0.4065135212262508,True
ssp245_r1,2045,1,0.3251682874035913,True
ssp245_r1,2046,1,0.07196398682404302,True
ssp245_r1,2047,-1,-0.15522717059006985,True
ssp245_r1,2048,-1,-0.15855368025863945,True
ssp245_r1,2049,-1,-0.25220708838856537,True
ssp245_r1,2050,-1,-0.5361955953859548,True
ssp245_r1,2051,-1,-0.636878586218909,True
ssp245_r1,2052,-1,-0.783570491876962,True
ssp245_r1,2053,-1,-0.8976763733272634,True
ssp245_r1,2054,-1,-0.8305557567669034,True
ssp245_r1,2055,-1,-0.6896264083385013,True
ssp245_r1,2056,-1,-0.5821228828857679,True
ssp245_r1,2057,-1,-0.4161840210818799,True
ssp245_r1,2058,-1,-0.33159501539709474,True
ssp245_r1,2059,-1,-0.368864323721744,True
ssp245_r1,2060,-1,-0.5260520210058076,True
ssp245_r1,2061,-1,-0.43185198556373905,True
ssp245_r1,2062,-1,-0.35493584905254877,True
ssp245_r1,2063,-1,-0.377635582482365,True
ssp245_r1,2064,-1,-0.47295634772200207,True
ssp245_r1,2065,-1,-0.4079206437779,True
ssp245_r1,2066,-1,-0.3889683682019056,True
ssp245_r1,2067,-1,-0.3292615989845553,True
ssp245_r1,2068,-1,-0.09120293792952427,True
ssp245_r1,2069,1,0.1404568877720933,True
ssp245_r1,2070,1,0.33084990485772,True
ssp245_r1,2071,1,0.4435049555491126,True
ssp245_r1,2072,1,0.40361740240669786,True
ssp245_r1,2073,1,0.5847665867826611,True
ssp245_r1,2074,1,0.4769778882779952,True
ssp245_r1,2075,1,0.36188235856811996,True
ssp245_r1,2076,1,0.2443978747283899,True
ssp245_r1,2077,1,0.10298914231009243,True
ssp245_r1,2078,1,0.01478035902443317,True
ssp245_r1,2079,-1,-0.20667575795741397,True
ssp245_r1,2080,-1,-0.38174190744391456,True
ssp245_r1,2081,-1,-0.44380960866500674,True
ssp245_r1,2082,-1,-0.4582153979521449,True
ssp245_r1,2083,-1,-0.35879004252721086,True
ssp245_r1,2084,-1,-0.36208652853709244,True
ssp245_r1,2085,-1,-0.18947595765178257,True
ssp245_r1,2086,-1,-0.08575236901268597,True
ssp245_r1,2087,-1,-0.03508615068268686,True
ssp245_r1,2088,1,0.08041619352333601,True
ssp245_r1,2089,1,0.24947412358381502,True
ssp245_r1,2090,1,0.3612706931972743,True
ssp245_r1,2091,1,0.45334332128014104,True
ssp245_r1,2092,1,0.44797302932601674,True
ssp245_r1,2093,1,0.43555775221681875,True
ssp245_r1,2094,1,0.4646463088011202,True
ssp245_r1,2095,1,0.46717681680947987,True
ssp245_r1,2096,1,0.4626713170772794,True
ssp245_r1,2097,0,,False
ssp245_r1,2098,0,,False
ssp245_r1,2099,0,,False
ssp245_r1,2100,0,,False
ssp245_r2,2015,0,,False
ssp245_r2,2016,0,,False
ssp245_r2,2017,0,,False
ssp245_r2,2018,0,,False
ssp245_r2,2019,1,0.08576449429096791,True
ssp245_r2,2020,1,0.03662685119488376,True
ssp245_r2,2021,1,0.07695150375661584,True
ssp245_r2,2022,1,0.0798798599584073,True
ssp245_r2,2023,1,0.21506192583112038,True
ssp245_r2,2024,1,0.105852007578029,True
ssp245_r2,2025,-1,-0.13927017370320213,True
ssp245_r2,2026,-1,-0.3361938643310474,True
ssp245_r2,2027,-1,-0.3971110185302742,True
ssp245_r2,2028,-1,-0.39698184971514444,True
ssp245_r2,2029,-1,-0.38191145416542877,True
ssp245_r2,2030,-1,-0.2934105132120301,True
ssp245_r2,2031,-1,-0.32857395736661754,True
ssp245_r2,2032,-1,-0.43225309114487503,True
ssp245_r2,2033,-1,-0.32849585036640333,True
ssp245_r2,2034,-1,-0.3845080535484193,True
ssp245_r2,2035,-1,-0.3356657544938899,True
ssp245_r2,2036,-1,-0.3995148768740517,True
ssp245_r2,2037,-1,-0.5288984675873899,True
ssp245_r2,2038,-1,-0.49514388684211785,True
ssp245_r2,2039,-1,-0.3884307003703162,True
ssp245_r2,2040,-1,-0.18853253193815134,True
ssp245_r2,2041,-1,-0.017133663566967244,True
ssp245_r2,2042,-1,-0.12213838166591388,True
ssp245_r2,2043,-1,-0.01130261373898256,True
ssp245_r2,2044,-1,-0.013966297731651917,True
ssp245_r2,2045,1,0.11979543624412453,True
ssp245_r2,2046,1,0.28961027651331567,True
ssp245_r2,2047,1,0.35675453611012853,True
ssp245_r2,2048,1,0.3506331635303766,True
ssp245_r2,2049,1,0.2899939391498192,True
ssp245_r2,2050,1,0.32110158018550267,True
ssp245_r2,2051,1,0.5018374998600541,True
ssp245_r2,2052,1,0.5536229210230116,True
ssp245_r2,2053,1,0.7112402982354387,True
ssp245_r2,2054,1,0.828371509422242,True
ssp245_r2,2055,1,0.7832136739975594,True
ssp245_r2,2056,1,0.7916353758507745,True
ssp245_r2,2057,1,0.7586980665222393,True
ssp245_r2,2058,1,0.7949635343052109,True
ssp245_r2,2059,1,0.7934492938640028,True
ssp245_r2,2060,1,0.7709541149209603,True
ssp245_r2,2061,1,0.7635138078694746,True
ssp245_r2,2062,1,0.6388483701572222,True
ssp245_r2,2063,1,0.35222213602678276,True
ssp245_r2,2064,1,0.2863863295105483,True
ssp245_r2,2065,1,0.16670739054682093,True
ssp245_r2,2066,1,0.060018148083322787,True
ssp245_r2,2067,-1,-0.08037530725396073,True
ssp245_r2,2068,-1,-0.15246171342595938,True
ssp245_r2,2069,-1,-0.0296539243025222,True
ssp245_r2,2070,-1,-0.10606507942158216,True
ssp245_r2,2071,-1,-0.1642115723265873,True
ssp245_r2,2072,-1,-0.027745449810944397,True
ssp245_r2,2073,1,0.017147315254904375,True
ssp245_r2,2074,1,0.07440218597554495,True
ssp245_r2,2075,1,0.0877643222727918,True
ssp245_r2,2076,1,0.2665373637906875,True
ssp245_r2,2077,1,0.2672666723861237,True
ssp245_r2,2078,1,0.18382528028503656,True
ssp245_r2,2079,1,0.24046622446740593,True
ssp245_r2,2080,1,0.3726124452850019,True
ssp245_r2,2081,1,0.17974311410853225,True
ssp245_r2,2082,-1,-0.019459129499216753,True
ssp245_r2,2083,1,0.02369653715666203,True
ssp245_r2,2084,1,0.04851561102933233,True
ssp245_r2,2085,1,0.021064482928737287,True
ssp245_r2,2086,1,0.036049230677848126,True
ssp245_r2,2087,-1,-0.10033421872644359,True
ssp245_r2,2088,-1,-0.28125521544031523,True
ssp245_r2,2089,-1,-0.3716228964623476,True
ssp245_r2,2090,-1,-0.30434626182100977,True
ssp245_r2,2091,-1,-0.16579980923832008,True
ssp245_r2,2092,-1,-0.1769766786871567,True
ssp245_r2,2093,-1,-0.3182527091696428,True
ssp245_r2,2094,-1,-0.549392382985786,True
ssp245_r2,2095,-1,-0.6664924917028863,True
ssp245_r2,2096,-1,-0.5843976092223329,True
ssp245_r2,2097,0,,False
ssp245_r2,2098,0,,False
ssp245_r2,2099,0,,False
ssp245_r2,2100,0,,False
ssp245_r5,2015,0,,False
ssp245_r5,2016,0,,False
ssp245_r5,2017,0,,False
ssp245_r5,2018,0,,False
ssp245_r5,2019,1,0.11744076551945956,True
ssp245_r5,2020,1,0.10953737586794078,True
ssp245_r5,2021,1,0.09306599367140045,True
ssp245_r5,2022,-1,-0.028446372299218148,True
ssp245_r5,2023,1,0.1542675127885468,True
ssp245_r5,2024,-1,-0.003645046415213986,True
ssp245_r5,2025,-1,-0.10057968594608994,True
ssp245_r5,2026,1,0.039650575837671335,True
ssp245_r5,2027,-1,-0.08755025696369174,True
ssp245_r5,2028,-1,-0.20984516656892346,True
ssp245_r5,2029,-1,-0.09045216947138553,True
ssp245_r5,2030,1,0.09602912810360181,True
ssp245_r5,2031,-1,-0.1029572335150704,True
ssp245_r5,2032,-1,-0.3181211761852227,True
ssp245_r5,2033,-1,-0.49543489151416137,True
ssp245_r5,2034,-1,-0.5596874085157117,True
ssp245_r5,2035,-1,-0.6512313159708284,True
ssp245_r5,2036,-1,-0.5548914996072186,True
ssp245_r5,2037,-1,-0.3322863108111474,True
ssp245_r5,2038,-1,-0.19321022153293219,True
ssp245_r5,2039,-1,-0.3362972721495998,True
ssp245_r5,2040,-1,-0.22181700267492263,True
ssp245_r5,2041,-1,-0.05502121184756644,True
ssp245_r5,2042,1,0.07870196149019042,True
ssp245_r5,2043,1,0.1424606333672567,True
ssp245_r5,2044,1,0.22901117390292172,True
ssp245_r5,2045,1,0.31148514614140715,True
ssp245_r5,2046,1,0.2808869363339875,True
ssp245_r5,2047,1,0.2107049901481904,True
ssp245_r5,2048,1,0.2611280757587035,True
ssp245_r5,2049,1,0.22685523731809265,True
ssp245_r5,2050,1,0.21570091479047035,True
ssp245_r5,2051,1,0.13809513580265007,True
ssp245_r5,2052,1,0.017639199084180903,True
ssp245_r5,2053,-1,-0.10703976291471207,True
ssp245_r5,2054,-1,-0.12734742902267635,True
ssp245_r5,2055,-1,-0.1527921274586008,True
ssp245_r5,2056,-1,-0.1964386133067765,True
ssp245_r5,2057,-1,-0.08983666027925158,True
ssp245_r5,2058,-1,-0.019122793321974297,True
ssp245_r5,2059,-1,-0.1173952724758293,True
ssp245_r5,2060,-1,-0.028857698866142405,True
ssp245_r5,2061,1,0.12719038927568932,True
ssp245_r5,2062,1,0.30060550574786304,True
ssp245_r5,2063,1,0.21281015945353957,True
ssp245_r5,2064,1,0.18154724975201897,True
ssp245_r5,2065,1,0.22522668750080457,True
ssp245_r5,2066,1,0.27219008654878607,True
ssp245_r5,2067,1,0.2209935260671059,True
ssp245_r5,2068,1,0.2779929691139784,True
ssp245_r5,2069,1,0.27458652634768244,True
ssp245_r5,2070,1,0.2339933605265445,True
ssp245_r5,2071,1,0.12544608842760965,True
ssp245_r5,2072,1,0.2412403619870017,True
ssp245_r5,2073,1,0.30076915917212305,True
ssp245_r5,2074,1,0.17299835823511445,True
ssp245_r5,2075,1,0.14578706522013551,True
ssp245_r5,2076,1,0.16608895359828416,True
ssp245_r5,2077,1,0.2618060486968001,True
ssp245_r5,2078,1,0.33533668500559055,True
ssp245_r5,2079,1,0.554181474214307,True
ssp245_r5,2080,1,0.4168044429012423,True
ssp245_r5,2081,1,0.3681704704355248,True
ssp245_r5,2082,1,0.28212109827471116,True
ssp245_r5,2083,1,0.2083119357134254,True
ssp245_r5,2084,-1,-0.024303746431247983,True
ssp245_r5,2085,-1,-0.1098613774266504,True
ssp245_r5,2086,-1,-0.20336435710118786,True
ssp245_r5,2087,-1,-0.2475655693071478,True
ssp245_r5,2088,-1,-0.4330910985439466,True
ssp245_r5,2089,-1,-0.2716224253961199,True
ssp245_r5,2090,-1,-0.19608575793540517,True
ssp245_r5,2091,-1,-0.2172037803230381,True
ssp245_r5,2092,-1,-0.09648865238512593,True
ssp245_r5,2093,-1,-0.1169323161040234,True
ssp245_r5,2094,-1,-0.08816509477879646,True
ssp245_r5,2095,-1,-0.20878861536187773,True
ssp245_r5,2096,-1,-0.2102561717362778,True
ssp245_r5,2097,0,,False
ssp245_r5,2098,0,,False
ssp245_r5,2099,0,,False
ssp245_r5,2100,0,,False
ssp585_r1,2015,0,,False
ssp585_r1,2016,0,,False
ssp585_r1,2017,0,,False
ssp585_r1,2018,0,,False
ssp585_r1,2019,1,0.0831495216567274,True
ssp585_r1,2020,-1,-0.10794434174801319,True
ssp585_r1,2021,-1,-0.13526411723561432,True
ssp585_r1,2022,-1,-0.06296358544005819,True
ssp585_r1,2023,1,0.0921565094693821,True
ssp585_r1,2024,1,0.15346074226953055,True
ssp585_r1,2025,1,0.15279596319019045,True
ssp585_r1,2026,1,0.25305251443869037,True
ssp585_r1,2027,1,0.2794592924378284,True
ssp585_r1,2028,1,0.005134800617126105,True
ssp585_r1,2029,-1,-0.027950113178139963,True
ssp585_r1,2030,-1,-0.0944793153840563,True
ssp585_r1,2031,-1,-0.050406670780552026,True
ssp585_r1,2032,-1,-0.2226792106685548,True
ssp585_r1,2033,-1,-0.32032023436733975,True
ssp585_r1,2034,-1,-0.38776652968468195,True
ssp585_r1,2035,-1,-0.3599571901105572,True
ssp585_r1,2036,-1,-0.07437161723958453,True
ssp585_r1,2037,1,0.1462396090053669,True
ssp585_r1,2038,1,0.1378168408444347,True
ssp585_r1,2039,1,0.15740760620799601,True
ssp585_r1,2040,-1,-0.08256434762520158,True
ssp585_r1,2041,-1,-0.15584295284976757,True
ssp585_r1,2042,-1,-0.26731439788545813,True
ssp585_r1,2043,-1,-0.45287029922473715,True
ssp585_r1,2044,-1,-0.4880151012266249,True
ssp585_r1,2045,-1,-0.5035949425718067,True
ssp585_r1,2046,-1,-0.5205319660518097,True
ssp585_r1,2047,-1,-0.5515728465762023,True
ssp585_r1,2048,-1,-0.5485864691808945,True
ssp585_r1,2049,-1,-0.525885232693852,True
ssp585_r1,2050,-1,-0.5396607971750895,True
ssp585_r1,2051,-1,-0.4318997062148733,True
ssp585_r1,2052,-1,-0.19125669657696223,True
ssp585_r1,2053,-1,-0.10476531856910132,True
ssp585_r1,2054,-1,-0.1950154012863504,True
ssp585_r1,2055,-1,-0.22497081521081838,True
ssp585_r1,2056,-1,-0.06131489887068842,True
ssp585_r1,2057,1,0.10745564802732065,True
ssp585_r1,2058,1,0.3122640152716893,True
ssp585_r1,2059,1,0.48478763279253406,True
ssp585_r1,2060,1,0.5634717684768354,True
ssp585_r1,2061,1,0.6136220707775554,True
ssp585_r1,2062,1,0.7074330315932128,True
ssp585_r1,2063,1,0.6451933529806647,True
ssp585_r1,2064,1,0.6723752280874155,True
ssp585_r1,2065,1,0.5943918358307099,True
ssp585_r1,2066,1,0.5674924063651505,True
ssp585_r1,2067,1,0.43074291115472074,True
ssp585_r1,2068,1,0.3192200980523963,True
ssp585_r1,2069,1,0.2838542007161666,True
ssp585_r1,2070,1,0.25259073552726696,True
ssp585_r1,2071,1,0.07151946608807187,True
ssp585_r1,2072,-1,-0.02500757519847237,True
ssp585_r1,2073,-1,-0.15509729907076686,True
ssp585_r1,2074,-1,-0.12158877117154726,True
ssp585_r1,2075,-1,-0.16957071338813398,True
ssp585_r1,2076,-1,-0.16730996717722726,True
ssp585_r1,2077,-1,-0.1543349342387688,True
ssp585_r1,2078,-1,-0.2608151379722283,True
ssp585_r1,2079,-1,-0.3334335406304197,True
ssp585_r1,2080,-1,-0.1634479775831672,True
ssp585_r1,2081,-1,-0.018260256219526358,True
ssp585_r1,2082,1,0.1426395931937351,True
ssp585_r1,2083,1,0.15678453748548415,True
ssp585_r1,2084,1,0.06509834228002771,True
ssp585_r1,2085,1,0.056840643761361775,True
ssp585_r1,2086,-1,-0.08903742838072044,True
ssp585_r1,2087,-1,-0.08043676272448053,True
ssp585_r1,2088,-1,-0.1910876638829625,True
ssp585_r1,2089,-1,-0.30586922955477996,True
ssp585_r1,2090,-1,-0.2682458878613429,True
ssp585_r1,2091,-1,-0.2825307604812466,True
ssp585_r1,2092,-1,-0.43036596625027257,True
ssp585_r1,2093,-1,-0.43119693451796137,True
ssp585_r1,2094,-1,-0.4120159337108186,True
ssp585_r1,2095,-1,-0.14985566006772974,True
ssp585_r1,2096,1,0.016140906406539347,True
ssp585_r1,2097,0,,False
ssp585_r1,2098,0,,False
ssp585_r1,2099,0,,False
ssp585_r1,2100,0,,False
ssp585_r2,2015,0,,False
ssp585_r2,2016,0,,False
ssp585_r2,2017,0,,False
ssp585_r2,2018,0,,False
ssp585_r2,2019,-1,-0.884904084388981,True
ssp585_r2,2020,-1,-0.7944543590277253,True
ssp585_r2,2021,-1,-0.8402245493836397,True
ssp585_r2,2022,-1,-0.798806583451175,True
ssp585_r2,2023,-1,-0.691939296331411,True
ssp585_r2,2024,-1,-0.5545754165715436,True
ssp585_r2,2025,-1,-0.37841155476296917,True
ssp585_r2,2026,-1,-0.16445115232476665,True
ssp585_r2,2027,-1,-0.017165738488189818,True
ssp585_r2,2028,1,0.03586388661576365,True
ssp585_r2,2029,1,0.07469280423608708,True
ssp585_r2,2030,1,0.19778109334715524,True
ssp585_r2,2031,1,0.15238016837077875,True
ssp585_r2,2032,1,0.14362357686119476,True
ssp585_r2,2033,1,0.09989754428160798,True
ssp585_r2,2034,1,0.06576118872102032,True
ssp585_r2,2035,-1,-0.08250518570470929,True
ssp585_r2,2036,-1,-0.21192490605043046,True
ssp585_r2,2037,-1,-0.1619457212993044,True
ssp585_r2,2038,-1,-0.16178438273008386,True
ssp585_r2,2039,-1,-0.18989788632521745,True
ssp585_r2,2040,-1,-0.019856346470181557,True
ssp585_r2,2041,1,0.08043469155082977,True
ssp585_r2,2042,1,0.13577134024580764,True
ssp585_r2,2043,1,0.15971649689478093,True
ssp585_r2,2044,1,0.17292652963027957,True
ssp585_r2,2045,1,0.09599540974508347,True
ssp585_r2,2046,1,0.04079160274382884,True
ssp585_r2,2047,1,0.056588567658736065,True
ssp585_r2,2048,1,0.08795936405015119,True
ssp585_r2,2049,1,0.11502243314804401,True
ssp585_r2,2050,1,0.15483433891451895,True
ssp585_r2,2051,1,0.17115070558922282,True
ssp585_r2,2052,1,0.2221378963677446,True
ssp585_r2,2053,1,0.34830195780875056,True
ssp585_r2,2054,1,0.6459277591245877,True
ssp585_r2,2055,1,0.6788823507012158,True
ssp585_r2,2056,1,0.7646889818270024,True
ssp585_r2,2057,1,0.874987246847864,True
ssp585_r2,2058,1,0.8975115193698434,True
ssp585_r2,2059,1,0.9038681567356699,True
ssp585_r2,2060,1,0.8651880703699195,True
ssp585_r2,2061,1,0.7721816418771207,True
ssp585_r2,2062,1,0.7213764306822225,True
ssp585_r2,2063,1,0.6574297113178302,True
ssp585_r2,2064,1,0.695136415262262,True
ssp585_r2,2065,1,0.7142145854376687,True
ssp585_r2,2066,1,0.7001012331323748,True
ssp585_r2,2067,1,0.6775005564719115,True
ssp585_r2,2068,1,0.6166433436794169,True
ssp585_r2,2069,1,0.7426407012368864,True
ssp585_r2,2070,1,0.9138979753580935,True
ssp585_r2,2071,1,0.8879002085222351,True
ssp585_r2,2072,1,0.8274097122055935,True
ssp585_r2,2073,1,0.8598755259958778,True
ssp585_r2,2074,1,0.7729896352806304,True
ssp585_r2,2075,1,0.5967683185681857,True
ssp585_r2,2076,1,0.4965158289108735,True
ssp585_r2,2077,1,0.45121570706334707,True
ssp585_r2,2078,1,0.18499325402477476,True
ssp585_r2,2079,-1,-0.08896090184238754,True
ssp585_r2,2080,-1,-0.3165440344272889,True
ssp585_r2,2081,-1,-0.44210616519805407,True
ssp585_r2,2082,-1,-0.6113758549920316,True
ssp585_r2,2083,-1,-0.6976230758705935,True
ssp585_r2,2084,-1,-0.6410194436899316,True
ssp585_r2,2085,-1,-0.652514423742215,True
ssp585_r2,2086,-1,-0.636387196548279,True
ssp585_r2,2087,-1,-0.4938643090674902,True
ssp585_r2,2088,-1,-0.30833146495108493,True
ssp585_r2,2089,-1,-0.11096205178777359,True
ssp585_r2,2090,-1,-0.16682707409430111,True
ssp585_r2,2091,-1,-0.13416015891625951,True
ssp585_r2,2092,-1,-0.1737407610246049,True
ssp585_r2,2093,-1,-0.3182627226578662,True
ssp585_r2,2094,-1,-0.41253247211309435,True
ssp585_r2,2095,-1,-0.506718790294096,True
ssp585_r2,2096,-1,-0.5955329126200168,True
ssp585_r2,2097,0,,False
ssp585_r2,2098,0,,False
ssp585_r2,2099,0,,False
ssp585_r2,2100,0,,False
ssp585_r5,2015,0,,False
ssp585_r5,2016,0,,False
ssp585_r5,2017,0,,False
ssp585_r5,2018,0,,False
ssp585_r5,2019,1,0.3133085294701162,True
ssp585_r5,2020,1,0.11940032628401294,True
ssp585_r5,2021,-1,-0.0432811685441802,True
ssp585_r5,2022,-1,-0.06961814916129187,True
ssp585_r5,2023,-1,-0.04210489470428758,True
ssp585_r5,2024,-1,-0.1923596510028358,True
ssp585_r5,2025,-1,-0.21632270376770965,True
ssp585_r5,2026,-1,-0.18592804829802922,True
ssp585_r5,2027,-1,-0.1359121556586025,True
ssp585_r5,2028,-1,-0.0801417199010359,True
ssp585_r5,2029,1,0.07366324359636794,True
ssp585_r5,2030,1,0.0715307319632903,True
ssp585_r5,2031,1,0.14859693256152418,True
ssp585_r5,2032,1,0.13350786046985155,True
ssp585_r5,2033,1,0.0711658768407062,True
ssp585_r5,2034,1,0.09126193694459091,True
ssp585_r5,2035,1,0.1769967204827211,True
ssp585_r5,2036,1,0.263860554994199,True
ssp585_r5,2037,1,0.1716108221913261,True
ssp585_r5,2038,-1,-0.04308646805082796,True
ssp585_r5,2039,-1,-0.02191073043993395,True
ssp585_r5,2040,-1,-0.11336357414496512,True
ssp585_r5,2041,-1,-0.18622916709115941,True
ssp585_r5,2042,-1,-0.2405155614091382,True
ssp585_r5,2043,-1,-0.40649168901998456,True
ssp585_r5,2044,-1,-0.6768561886853818,True
ssp585_r5,2045,-1,-0.6941588879904822,True
ssp585_r5,2046,-1,-0.5602486925782529,True
ssp585_r5,2047,-1,-0.5063147641121777,True
ssp585_r5,2048,-1,-0.4747305714610675,True
ssp585_r5,2049,-1,-0.46921602746750973,True
ssp585_r5,2050,-1,-0.4113915139122511,True
ssp585_r5,2051,-1,-0.3524157189009338,True
ssp585_r5,2052,-1,-0.283843320494425,True
ssp585_r5,2053,-1,-0.06106333613410819,True
ssp585_r5,2054,-1,-0.13208276413587366,True
ssp585_r5,2055,-1,-0.2584518798005498,True
ssp585_r5,2056,-1,-0.24024275411304774,True
ssp585_r5,2057,-1,-0.14452914820250506,True
ssp585_r5,2058,-1,-0.06359425209885994,True
ssp585_r5,2059,-1,-0.004280323717559751,True
ssp585_r5,2060,1,0.07614831508055055,True
ssp585_r5,2061,1,0.27086968593546634,True
ssp585_r5,2062,1,0.31287326944064353,True
ssp585_r5,2063,1,0.5535840532510425,True
ssp585_r5,2064,1,0.7432397920925199,True
ssp585_r5,2065,1,0.8315318619148648,True
ssp585_r5,2066,1,0.829770920852395,True
ssp585_r5,2067,1,0.7309664631777704,True
ssp585_r5,2068,1,0.6953706347569826,True
ssp585_r5,2069,1,0.6086727486787452,True
ssp585_r5,2070,1,0.48763708506385445,True
ssp585_r5,2071,1,0.2647880299745849,True
ssp585_r5,2072,1,0.07148619199785662,True
ssp585_r5,2073,-1,-0.05538263385573869,True
ssp585_r5,2074,-1,-0.28137911468115345,True
ssp585_r5,2075,-1,-0.5044483919959185,True
ssp585_r5,2076,-1,-0.43925333196949506,True
ssp585_r5,2077,-1,-0.432250641815971,True
ssp585_r5,2078,-1,-0.36490297019951184,True
ssp585_r5,2079,-1,-0.47059575991780295,True
ssp585_r5,2080,-1,-0.37370385215217977,True
ssp585_r5,2081,-1,-0.5141131849732501,True
ssp585_r5,2082,-1,-0.492886729096526,True
ssp585_r5,2083,-1,-0.31272727239810577,True
ssp585_r5,2084,-1,-0.1260517499967115,True
ssp585_r5,2085,-1,-0.10799038584149882,True
ssp585_r5,2086,-1,-0.2760615687809869,True
ssp585_r5,2087,-1,-0.25642616132358914,True
ssp585_r5,2088,-1,-0.08163027170861444,True
ssp585_r5,2089,1,0.01087077361706247,True
ssp585_r5,2090,1,0.08312420521708035,True
ssp585_r5,2091,-1,-0.03974185644888184,True
ssp585_r5,2092,-1,-0.02849626257347533,True
ssp585_r5,2093,1,0.014868468691190425,True
ssp585_r5,2094,1,0.10560426767151876,True
ssp585_r5,2095,1,0.21242220991458935,True
ssp585_r5,2096,1,0.22361662822771977,True
ssp585_r5,2097,0,,False
ssp585_r5,2098,0,,False
ssp585_r5,2099,0,,False
ssp585_r5,2100,0,,False
